"Category","Indicator","Score","Notable Features","Gaps Identified","Actions Recommended","Photo Attachment"
"1. Infrastructure","1.1 Classroom","4","Classrooms are well-maintained with regular upkeep; Swachhata Club is active where students participate in classroom cleaning routines after break.","","",""
"1. Infrastructure","1.2 Washroom","2","Washrooms are functional and accessible across floors.","Washroom doors remain open ajar, exposing the urinals of both boys and girls, compromising student privacy.","Install pneumatic door closers or privacy partition screens and instruct housekeeping/monitors to ensure doors stay shut.",""
"1. Infrastructure","1.3 Drinking water facility","4","Potable water testing successfully completed with compliant quality report (exemplary practice recommended for other branches).","","Maintain scheduled periodic water testing and file lab test certificates systematically.",""
"1. Infrastructure","1.4 Laboratories","2","Science laboratories are equipped and utilized for practical demonstrations and experiments.","Science lab registers do not clearly distinguish between visits to the laboratory versus in-classroom activities. Dedicated first aid box missing in lab.","Explicitly log whether sessions were held in the lab or as classroom activities. Install a fully equipped first aid box in the lab with monthly inspection logs.",""
"1. Infrastructure","1.5 Ground Area","2","Outdoor play and sports grounds available with outgoing register maintained.","Plastic packaging wrap remained unremoved on the play area fences.","Strip and dispose of all plastic wrapping from play area fences immediately to ensure safety and neatness.",""
"1. Infrastructure","1.6 Art Room","4","Creative arts space actively used for projects including Kala Utsav, Living History Museum exhibits, fossil painting, and leaf printing.","","",""
"1. Infrastructure","1.7 Sports Room","3","Sports equipment register, breakage records, and sports outgoing logs are maintained.","Undertakings of sports students lack a standardized index and clear execution dates.","Create a master index for student sports undertakings and explicitly record dates when each undertaking was obtained.",""
"1. Infrastructure","1.8 Electric and Lift Room","3","Equipment AMCs in place; floor plans and lift licenses accessible.","","Keep lift service logbooks and machine room inspection records up to date.",""
"1. Infrastructure","1.9 Inventory Room","3","Central inventory room organized with quarterly audit records on file.","","",""
"1. Infrastructure","1.10 Pump Room","3","Water supply and pump room machinery operational with routine AMC service records.","","Maintain ongoing operational log of pump servicing and water levels.",""
"1. Infrastructure","1.11 Server Room","3","Server room IT infrastructure maintained with restricted entry and active network equipment.","","",""
"1. Infrastructure","1.12 Terrace","3","Terrace boundary walls secure and access doors locked to prevent unauthorized student entry.","","Ensure terrace access remains strictly locked during school hours.",""
"1. Infrastructure","1.13 Printing Room","3","Printing and photocopying registers maintained with tracking of exam papers and worksheets.","","",""
"1. Infrastructure","1.14 Library","4","Champion Readers initiative active; library access encouraged with open book circulation and no punitive fines policy.","","Continue encouraging reading logs and student portfolio integration.",""
"1. Infrastructure","1.15 Computer Room","4","Computer lab equipped with robotic kits, IT records, and videography gadgets systematically logged.","","Continue periodic hardware diagnostics and software license monitoring.",""
"1. Infrastructure","1.16 Hall","4","School hall actively utilized for Investiture Ceremony, ACE Day, assemblies, and parent competitions.","","",""
"1. Infrastructure","1.17 Staff Room","2","Staff room facilities provided for primary and secondary teachers.","Appropriate signage missing for Staff / Women's Changing Room on the 1st floor.","Put up clear, professional signage for the Staff / Women's Changing Room on the 1st floor.",""
"1. Infrastructure","1.18 Store Room","3","Store room organized with categorized material storage.","","Maintain periodic stock verification and keep pathways clear.",""
"1. Infrastructure","1.19 Activity Room","4","Pre-primary activity room well-equipped with dynamic learning aids and active activity register.","","",""
"1. Infrastructure","1.20 Sick Bay","2","Sickbay records and student health update status diligently tracked.","Plastic bottle containing unidentified blue chemical liquid found lying in the corner at the ground exit near the infirmary. Dedicated first aid boxes missing per floor.","Immediately remove and safely dispose of unidentified chemical bottles. Place standardized first aid boxes on each floor and mandate monthly nurse inspection and expiry sign-offs.",""
"1. Infrastructure","1.21 Conference Room","4","Conference room available and maintained for Heads of Department and administrative committee meetings.","","",""
"1. Infrastructure","1.22 Music Room","3","Music room furnished with instruments for co-curricular rehearsals and cultural events.","","",""
"1. Infrastructure","1.23 Peon Room","3","Dedicated rest and staging room provided for ancillary support staff.","","",""
"1. Infrastructure","1.24 Reflection Room","3","Dedicated calm reflection / quiet room designated for behavioral de-escalation and quiet focus.","","",""
"1. Infrastructure","1.25 Counselling Room","4","Confidential counselling space maintained; student counselling logs and referrals systematically updated on MICM.","","Maintain strict protocol around confidentiality of student counselling notes.",""
"2. Learning Environment","2.1 Ventilation","3","Natural cross-ventilation and ceiling fans functional across instructional classrooms.","","",""
"2. Learning Environment","2.2 Lighting","4","Adequate natural daylight complemented by LED lighting across all classrooms and corridors.","","",""
"2. Learning Environment","2.3 Furniture","3","Dual-desk student furniture is age-appropriate and in sturdy condition.","","Conduct routine checks for loose screws or edge banding.",""
"2. Learning Environment","2.4 Noise","3","Internal noise levels well-regulated with minimal disruption between adjacent learning spaces.","","",""
"3. Safety & Security","3.1 Firefighting readiness","2","Form B from Fire Department in place; fire drill records maintained.","Staff lack hands-on fire extinguisher practice signatures before cylinder refilling; hose pipe training not yet conducted for male staff; stretcher training omitted during mock drills; fire drill records fragmented across 3 separate section files.","Require hands-on practice with staff signatures before sending extinguishers for refilling; have Anthony arrange hose pipe training for male staff; include stretcher evacuation drills in mock drills; consolidate all 3 section reports, permission letters, and self-audit into one master file.",""
"3. Safety & Security","3.2 Visitor entry procedures","4","Visitor's register and staff movement register systematically maintained at security gate.","","Maintain strict adherence to visitor pass verification.",""
"3. Safety & Security","3.3 Hazardous materials","2","Science lab chemicals stored in designated cupboards.","Unlabeled plastic bottle with blue liquid found unattended near infirmary ground exit. Canteen washing soaps and detergents stored near food serving plates.","Enforce chemical handling safety protocols; relocate canteen cleaning soaps and detergents to a separate dedicated shelf away from food and serving plates.",""
"3. Safety & Security","3.4 Hobby classes protocols","3","Hobby class registers and attendance records maintained for after-school sessions.","","",""
"3. Safety & Security","3.5 Documentation of records","2","Complaint box records, Sakhi Savitri committee, and Student Safety committee documentation active.","POSH / Women's Grievance committee register does not strictly adhere to Government Resolution (GR) formatting; fire drill records split across sections.","Restructure POSH committee register according to GR regulatory guidelines; merge fire drill records, permission letters, and self-audit documents into one combined file.",""
"3. Safety & Security","3.6 School CCTV Surveillance","4","CCTV surveillance system operational across entrance, hallways, and common areas with footage logs maintained.","","Ensure periodic recording backup verification and lens angle checks.",""
"3. Safety & Security","3.7 Bus Safety Protocols & ARD AMC","4","Statutory bus safety compliance verified; lift and equipment ARD AMCs active.","","Continue routine transport inspection checks.",""
"4. Health","4.1 Health Check-up","2","Student health update status and sickbay visitor log maintained.","Dedicated first aid boxes not placed on every floor and in laboratories; monthly nurse verification of expiry dates and medicine replenishment missing.","Provide standardized first aid kits in the lab and on each floor in designated spots; mandate that the school nurse inspects, replenishes, and signs off monthly.",""
"4. Health","4.2 Safe Water Provision","5","Potable water test conducted and certified compliant (exemplary benchmark recommended for adoption across other branches).","","Maintain water testing log and schedule follow-up testing before monsoon season.",""
"4. Health","4.3 Documentation of Records","4","Housekeeping logs, health posters, and hygiene guidelines systematically documented.","","",""
"5. Transport","5.1 Bus Infrastructure","4","Bus maintenance and supervision records systematically updated; vehicles compliant with fitness and safety norms.","","Continue scheduled preventive mechanical checks.",""
"5. Transport","5.2 HR","4","Transport recruitment files, driving licenses, and background checks verified.","","Maintain annual medical and vision screening records for all drivers.",""
"5. Transport","5.3 Safety Protocols","2","Bus slips, routes, and regulatory compliance files in order.","Attendance tracking process in manual bus files needs streamlining. Digital gate pass workflow via Chakravyuh App has not yet been rolled out.","Streamline attendance marking in bus files; expedite onboarding and activation of Chakravyuh App for gate passes asap.",""
"6. Canteen","6.1 Canteen Infrastructure","2","Canteen counter and kitchen areas functional.","Washing soaps and detergents stored on shelves adjacent to serving plates and food stock, posing contamination risk.","Store all soaps, detergents, and cleaning chemicals on a completely separate, dedicated shelf isolated from plates, utensils, and provisions.",""
"6. Canteen","6.2 Documentation of records","3","Canteen staff documentation, personal files, and health status monitored under admin oversight (Khusboo).","","Ensure periodic FSSAI food safety audit and staff health certificate renewals.",""
"7. Regulatory Compliance","7.1 Teaching Staff","4","Teaching staff muster, personal files, service books, and Police Clearance Certificates (PCC) verified and up to date.","","",""
"7. Regulatory Compliance","7.2 Non-Teaching Staff","4","Non-teaching staff files, security, housekeeping, coaches files, and PCC documentation verified (Khusboo).","","Continue monitoring contractor staff turnover and ensure immediate PCC collection for replacements.",""
"7. Regulatory Compliance","7.3 Documentation of Records","2","PTA register, SMC minutes, and Student Safety committee records properly filed.","POSH Committee register needs restructuring to comply with Government Resolution (GR) regulations. Secondary and Primary teachers have not signed formal undertakings while reading SOPs per HAB instructions.","Maintain POSH / Women's Grievance committee records in strict accordance with GR mandates; ensure Secondary and Primary sections follow HAB instructions for signed undertakings upon reading SOPs.",""
"7. Regulatory Compliance","7.4 HR","4","Provident Fund (PF) compliance, leave registers, and administrative staff minutes verified.","","",""
"8. Institutional Records","8.1 Fees","4","Fee slips, fee concession records, and collection registers verified and up to date.","","",""
"8. Institutional Records","8.2 Admissions/ LC","4","General Register, Leaving Certificate (LC book and pasting), admission files, bonafide certificates, and student demographic records maintained in good order.","","",""
"8. Institutional Records","8.3 Inventory records","4","Asset management, quarterly inventory audit records, and procurement requisition slips (SRF and PRF) verified.","","",""
"8. Institutional Records","8.4 Documentation of records","4","Administrative minutes, petty cash vouchers, and printing/photocopying records systematically maintained.","","",""
"9. School Operations","9.1 Examinations","4","Examination registers for Primary and Secondary sections updated; Open Door diagnostic assessment records maintained.","","Continue tracking student learning gaps through Open Door analytical reports.",""
"9. School Operations","9.2 Teaching Learning Process","5","Exemplary academic operations: E-Logs, teacher observations, model lessons, peer observations, and pioneering AI-generated remedial worksheets for weak students and new admissions after ELT and regular FA.","","Continue documenting longitudinal learning gains from AI remedial interventions.",""
"9. School Operations","9.3 Documentation of records","4","Staff minutes, parent interaction records, student handbooks, student leave logs, and random bag check records verified.","","",""
"10. Student & Staff Dev","10.1 Events","4","Robust calendar of co-curricular events: ACE Day, Investiture ceremony, parent competitions, inter-school competitions, and Kala Utsav conducted.","","",""
"10. Student & Staff Dev","10.2 Assembly","4","Daily assembly records maintained with student presentations, theme-based talks, and celebrations.","","",""
"10. Student & Staff Dev","10.3 Achievements and Initiatives","5","Outstanding student initiatives: Earth Shot Challenge grade-wise projects, Basalt rock soot trapping, sensor-based dustbins, Pothole mapping in Bhayandarpada on Govt portal, Financial literacy sessions for ancillary staff (Gr 4 & 6), Pen Pals exchanges with other branches, and Nature/Heritage club activities.","","Showcase and disseminate successful sustainability and civic initiatives across all school branches.",""
"10. Student & Staff Dev","10.4 Documentation of various committees","4","Student Council register, committee meeting records, and initiative documentation systematically archived.","","",""
"10. Student & Staff Dev","10.5 CARE Dept","4","CARE department actively tracking weak students, shadow teacher records, discipline logs, and counselling logs on MICM.","","Continue multidisciplinary case reviews between counsellors, educators, and parents.",""