DATE. 08.09.2026,,,
                                                                   ,,,
SR. NO.,TOPICS CHECKED,INFORMATION CHECKED,Observation
1,FEES CONSESSION,WIDOW - Application Form/ Undertaking Form/ Annexture I/ Death Certificate/ Signature Of Principal/ Marksheet,1 Application Hold By Rohan Sir
,,STAFF - Application Form/ Signature Of Principal,All Complete
2,SECURITY DEPOSIT REGISTER,All Student Data Along With Transection Details/ Mona Mam Signature/ Refund Deposit Data ,All Complete
3,SERVICE BOOK ,New Joinees From June 2026 Till Date All Details/ Finger Print/ Signature/ Duplicate Copy ,Priyanka Singh - Finger Print & leave Account Details Pending/ Rhea Leave Account Details Pending
4,PERSONAL FILES (TEACHING & NON.TEACHING,New Joinees From June 2026 Till Date Profile Form/ Identity Proof/ Address Proof/ Medical Certi./ Blood Groop Report/ PCC/ Refrence Check Form/ PF Form / Annexture A to D/ Appointment Letter/ Acceptance Letter/ Obsevation Test Papers/ Originals/Candidate Form/  Photographs/ Feedback Form From Charlotte Mam/ Check List,Priya & Khushbu Reference Check In Process/ Nirali Blood Test Report Pending
,,Appointment Letter For Transfer From One Section to Another,All Complete
,,Application For Maternity Leave & Long Leave,All Complete
,,Appintment Letter For Transfer From Untrained To Assistant Teacher Along With Valid Education Certificate ,All Complete
,,Confirmation Letter To Employee Who Complete Their Pobation ,All Complete
,,Left & Retire Staff Documents & Experience Letter,All Complete
5,PERSONAL FILES (BUS STAFF),Profile Form/ Pocso Affidevit/ Appointment Letter/Driver Medical Check Up/ ID Proof/ Address Proff/PCC/ Application/ Education Certificate Copy/ Driver License,1 PCC In Process/ Monica Nimase - Photo Missing/ Blood Group & Medical Report In Process
6,AMC,AMC Cards/ Contract Dates/ Service Dates/ At a Glance Sheet,All Complete
7,CONTRACT MAUSHIES,Photo/ Identity Proof/ Address Proof/ PCC/ POCSO Affidavit ,1 PCC In Process
8,SECURITY STAFF,Photo/ Identity Proof/ Address Proof/ PCC/ POCSO Affidavit/ Finger Print ,2 PCC In Process
9,SWEEPER STAFF,Photo/ Identity Proof/ Address Proof/ PCC/ POCSO Affidavit/ Finger Print ,1 PCC In Process
10,CANTEEN STAFF ,Photo/ Identity Proof/ Address Proof/ PCC/ POCSO Affidavit/ Finger Print/TB Report/ Medical Report,All Complete
11,NURSE/ IT STAFF/ GARDENER,Photo/ Identity Proof/ Address Proof/ PCC/ POCSO Affidavit/ Finger Print (Only Gardener) ,All Complete
12,DURING SCHOOL CLASS/ PROFESSIONAL ENRICHMENT CLASSES,Photo/Profile Form/ Identity Proof/ Address Proof/ PCC/ Medical Certificate/ POCSO Affidavit/Old Appointment Letter/ New Application Form Along With Pan Card Copy/ POSH-POCSO Slip,"Medical Certificate Pending - Jyoti Joshi, Drama Team, Band Team, Sanket & Gauri (Skating), Kerson (Pickle Ball)/ Vinod Pradhan New Application Pending Along With Pan Card Copy (Not Submited To Any Branch - Clerk Continue Follow Up)"
13,AFTER SCHOOL CLASS,Photo/Identity Proof/ Address Proof/ PCC/ POCSO Affidavit/ Aplication/ Undertaking/ 3 Yrs Contract/ POSH-POCSO Slip/ Attendance File,Cricket - 2 PCC In Process & Classes Details In Attendance File Is Not Filled/ Chess 1 Coach Is On Leave So Documents Is Pending
14,GR FOR PRE-PRIMARY NEW ADMISSION 26-27,"GR Entry/ Addmission Form/ Child Birth Certificate/ Medical Certificate/ Blood Group Report/ Child Adhar Card/ Photo/ Parents Address Proof/ Parents Birth Proof/ Parents Education Certificate/ Cast Certificate (If Any)/ Parents LC (If Ex Student)/ Fees Receipt of Sibling (If Any)/ Principal, Clerk & Parents Signature On Form/ Parents Signature On GR/ Check Box At The End Of GR",215 Forms Checked -  Conclution Table Pending
,,,Gr No. 8334 - Father's Document In Complete
,,,Gr No. 8332 - Mother's Documents Not Match With Birth Certificate
,,,Blood Group Report Pending - GR No. 8150/ 8164/ 8176/ 8186/ 8191/ 8201/ 8212/ 8240/ 8249/ 8264/ 8286/ 8289/ 8305/ 8309/ 8310/ 8362/ 8325/ 8326/ 8330/ 8341/ 8351/ 8352/ 8353/ 8354/ 8355/ 8357/ 8358/ 8210
,,,Parents Nationality Proof documents Pending - GR. No. 8210/ 8285/ 8326/ 8257/ 8274/ 8275/ 8296/ 8363/ 8358
,,,Parents Document's Incomplete - GR No 8299/ 8304/ 8306/ 8361/ 8340
,,,Parents Adhar/Pan Missisng - GR No. 8279/ 8266/ 8328/ 8339/ 8350/ 8343
,,,Parents Education Documents Missing - GR No 8323/ 8329
,,,"Mother's Documents is of Before Marriage Name Where As In Birth Certificate Mother's New Name  Is Mention And No Marriage Certificate Provided - GR No, 8202/ 8227/ 8232/ 8248/ 8255/ 8259/ 8264/ 8273/ 8278/ 8280/ 8292/ 8309/ 8315/ 8320/ 8344"
15,GR FOR PRIMARY NEW ADMISSION & RE-ADMISSION FROM SR.KG TO GRADE 1 FOR THE A.Y. 26-27,"Admission Form/ APAAR ID Consent Form/ Candidate Registration Details Form/ Old Form Along With Document/ Parents , Admission Clerk & Head Signature/ Check Box At The End/ All Documents For New Admission ",226 Forms Checked - Nationality Proof Of Parent Missing - Gr No - 4692/ 4693/ 4664 / 4663/ 4601/ 4651
,,,GR No. 4692 - Education Certificate/ Medical Certificate/ Blood Group Report Missing
,,,Mother's Documents is of Before Marriage Name Where As In Birth Certificate Mother's New Name  Is Mention And No Marriage Certificate Provided - GR No 4691/ 4688
,,,Blood Group Report Pending - GR No. 4694/ 4687/ 4683/ 4674/ 4682/ 4673/ 4670/ 4667/ 4666
,,,Parents Signature Pending In GR no. 4669
,,,Cast Certificate is Provided But Cast Not Mention In GR No. 4556
16,LC PASTING FILE FOR 10TH PASSOUT IN MARCH 2026,Details of Student on LC tally with MICM Record & LC Number Mention In GR,All Complete
17,GR FOR SECONDARY NEW ADMISSION & RE-ADMISSION FROM IV TO GRADE V FOR THE A.Y. 26-27,"Admission Form/ Candidate Registration Details Form/ LC For Prevoius School / Old Form Along With Document/ Parents , Admission Clerk & Head Signature/ Check Box At The End/ All Documents For New Admission ",268 Forms Checked - Medical & Blood Group Reports Missing- Gr No - 3862/ 3864/ 3876/ 3875/ 3878
,,,Cast Certificate is Provided But  Cast Not Mention In GR No 3627 & 3743
,,,Medical Certificate Pending In GR No - 3863/ 3868/ 3881/ 3882/ 3883/ 3885
,,,Blood Group Report Pending In GR No - 3866 & 3867
,,,Medical Certificarte & Parents Education Certificate Pending In GR No. 3865